repo_name,easy_file,hard_file
hankcs/HanLP,hanlp/pretrained/mtl.py,hanlp/transform/transformer_tokenizer.py
hankcs/HanLP,hanlp/pretrained/tok.py,hanlp/transform/transformer_tokenizer.py
hankcs/HanLP,hanlp/pretrained/tok.py,hanlp/version.py
hankcs/HanLP,hanlp/pretrained/mtl.py,hanlp/version.py
mozman/ezdxf,src/ezdxf/addons/openscad.py,examples/acistools/create_3dsolid_mengersponge.py
mozman/ezdxf,examples/addons/using_OpenSCAD.py,src/ezdxf/math/_mapbox_earcut.py
mozman/ezdxf,examples/addons/drawing/pillow.py,src/ezdxf/math/_mapbox_earcut.py
mozman/ezdxf,examples/addons/using_OpenSCAD.py,examples/acistools/create_3dsolid_mengersponge.py
mozman/ezdxf,src/ezdxf/math/construct2d.py,src/ezdxf/addons/drawing/matplotlib.py
mozman/ezdxf,profiling/triangulation.py,examples/acistools/create_3dsolid_mengersponge.py
mozman/ezdxf,profiling/triangulation.py,src/ezdxf/acis/sab.py
mozman/ezdxf,examples/addons/drawing/pillow.py,examples/acistools/create_3dsolid_mengersponge.py
mozman/ezdxf,examples/addons/using_OpenSCAD.py,src/ezdxf/acis/sab.py
mozman/ezdxf,examples/addons/drawing/pillow.py,src/ezdxf/acis/sab.py
mozman/ezdxf,src/ezdxf/addons/openscad.py,src/ezdxf/acis/sab.py
mozman/ezdxf,src/ezdxf/addons/openscad.py,src/ezdxf/math/_mapbox_earcut.py
mozman/ezdxf,profiling/triangulation.py,src/ezdxf/math/_mapbox_earcut.py
mozman/ezdxf,src/ezdxf/math/construct3d.py,src/ezdxf/addons/drawing/matplotlib.py
PyCQA/astroid,astroid/nodes/_base_nodes.py,astroid/typing.py
akrherz/pyIEM,src/pyiem/plot/geoplot.py,src/pyiem/windrose_utils.py
anselmobd/fo2,src/contabil/views/nota_fiscal.py,src/lotes/views/pedido/pedido.py
anselmobd/fo2,src/contabil/queries/nf_itens_.py,src/lotes/views/pedido/pedido.py
anselmobd/fo2,src/insumo/queries/queries.py,src/lotes/views/pedido/pedido.py
anselmobd/fo2,src/insumo/queries/insumo_recebimento_semana.py,src/lotes/views/pedido/pedido.py
anselmobd/fo2,src/lotes/queries/lote/get_lotes.py,src/lotes/views/pedido/pedido.py
anselmobd/fo2,src/lotes/views/pedido/faturavel_modelo.py,src/lotes/views/pedido/pedido.py
anselmobd/fo2,src/insumo/views/rolo.py,src/lotes/views/pedido/pedido.py
anselmobd/fo2,src/contabil/queries/nf_inform_.py,src/lotes/views/pedido/pedido.py
pimutils/khal,khal/settings/__init__.py,khal/cli.py
pimutils/khal,khal/settings/__init__.py,khal/khalendar/event.py
pimutils/khal,khal/settings/__init__.py,khal/settings/utils.py
FCP-INDI/C-PAC,.github/scripts/get_package_id.py,CPAC/qc/xcp.py
FCP-INDI/C-PAC,CPAC/pipeline/nipype_pipeline_engine/plugins/multiproc.py,CPAC/qc/xcp.py
FCP-INDI/C-PAC,CPAC/pipeline/nipype_pipeline_engine/engine.py,CPAC/qc/xcp.py
FCP-INDI/C-PAC,CPAC/pipeline/nipype_pipeline_engine/__init__.py,CPAC/qc/xcp.py
FCP-INDI/C-PAC,CPAC/connectome/connectivity_matrix.py,CPAC/qc/xcp.py
FCP-INDI/C-PAC,CPAC/pipeline/nipype_pipeline_engine/plugins/legacymultiproc.py,CPAC/qc/xcp.py
FCP-INDI/C-PAC,CPAC/utils/monitoring/draw_gantt_chart.py,CPAC/qc/xcp.py
FCP-INDI/C-PAC,CPAC/pipeline/nipype_pipeline_engine/plugins/__init__.py,CPAC/qc/xcp.py
FCP-INDI/C-PAC,CPAC/pipeline/nipype_pipeline_engine/plugins/cpac_nipype_custom.py,CPAC/qc/xcp.py
apache/airflow,dev/breeze/src/airflow_breeze/params/build_prod_params.py,dev/breeze/src/airflow_breeze/utils/selective_checks.py
apache/airflow,dev/breeze/src/airflow_breeze/params/build_prod_params.py,dev/breeze/src/airflow_breeze/commands/ci_commands.py
eoyilmaz/anima,anima/dcc/mayaEnv/toolbox.py,anima/dcc/fusion/__init__.py
eoyilmaz/anima,anima/dcc/mayaEnv/__init__.py,anima/dcc/mayaEnv/auxiliary.py
eoyilmaz/anima,anima/dcc/mayaEnv/toolbox.py,anima/dcc/mayaEnv/auxiliary.py
eoyilmaz/anima,anima/dcc/mayaEnv/__init__.py,anima/dcc/fusion/__init__.py
CalebBell/thermo,thermo/flash/flash_utils.py,thermo/flash/flash_vln.py
Kozea/WeasyPrint,weasyprint/draw.py,weasyprint/images.py
Kozea/WeasyPrint,weasyprint/__init__.py,weasyprint/images.py
kovidgoyal/kitty,kitty/fonts/__init__.py,kitty/child.py
kovidgoyal/kitty,kitty/fonts/__init__.py,kitty/window.py
ICTU/quality-time,components/shared_python/src/shared/data_model/metrics.py,components/external_server/src/routes/source.py
ICTU/quality-time,components/external_server/src/routes/server.py,components/external_server/src/routes/source.py
ICTU/quality-time,components/shared_python/src/shared/data_model/metrics.py,components/external_server/src/routes/metric.py
ICTU/quality-time,components/external_server/src/routes/server.py,components/external_server/src/routes/metric.py
astropy/photutils,photutils/background/background_2d.py,photutils/centroids/core.py
astropy/photutils,photutils/segmentation/core.py,photutils/centroids/core.py
guardicore/monkey,monkey/monkey_island/cc/repository/i_config_repository.py,monkey/monkey_island/cc/repository/i_simulation_repository.py
Patrick-Cole/pygmi,pygmi/raster/iodefs.py,pygmi/raster/modest_image.py
Patrick-Cole/pygmi,pygmi/raster/iodefs.py,pygmi/main.py
Patrick-Cole/pygmi,pygmi/raster/iodefs.py,pygmi/raster/ginterp.py
Patrick-Cole/pygmi,pygmi/raster/iodefs.py,pygmi/raster/dataprep.py
Patrick-Cole/pygmi,pygmi/raster/iodefs.py,pygmi/pfmod/tab_prof.py
Rfam/rfam-production,scripts/support/mirnas/find_family_overlaps_debug.py,scripts/mirnas/dashboard/getters.py
Rfam/rfam-production,scripts/support/mirnas/find_family_overlaps_debug.py,scripts/mirnas/dashboard/format_dashboard.py
Rfam/rfam-production,scripts/mirnas/dashboard/dashboard_config.py,scripts/support/mirnas/copy_seed.py
Rfam/rfam-production,scripts/mirnas/dashboard/compare_rfam_mirbase.py,scripts/mirnas/dashboard/format_dashboard.py
Rfam/rfam-production,scripts/mirnas/auto_rfsearch.py,scripts/support/mirnas/auto_copy_new_stk_files.py
Rfam/rfam-production,scripts/mirnas/auto_rfsearch.py,scripts/mirnas/dashboard/getters.py
Rfam/rfam-production,scripts/mirnas/dashboard/dashboard_config.py,scripts/mirnas/dashboard/getters.py
Rfam/rfam-production,scripts/mirnas/dashboard/compare_rfam_mirbase.py,scripts/support/mirnas/auto_copy_new_stk_files.py
Rfam/rfam-production,scripts/mirnas/auto_rfsearch.py,scripts/mirnas/dashboard/format_dashboard.py
Rfam/rfam-production,scripts/support/mirnas/find_family_overlaps_debug.py,scripts/support/mirnas/copy_seed.py
Rfam/rfam-production,scripts/mirnas/dashboard/compare_rfam_mirbase.py,scripts/mirnas/dashboard/getters.py
Rfam/rfam-production,scripts/mirnas/mirna_config.py,scripts/mirnas/dashboard/getters.py
Rfam/rfam-production,scripts/mirnas/dashboard/dashboard_config.py,scripts/support/mirnas/auto_copy_new_stk_files.py
Rfam/rfam-production,scripts/mirnas/mirna_config.py,scripts/support/mirnas/auto_copy_new_stk_files.py
Rfam/rfam-production,scripts/mirnas/mirna_config.py,scripts/support/mirnas/copy_seed.py
Rfam/rfam-production,scripts/support/mirnas/find_family_overlaps_debug.py,scripts/support/mirnas/auto_copy_new_stk_files.py
Rfam/rfam-production,scripts/mirnas/dashboard/dashboard_config.py,scripts/mirnas/dashboard/format_dashboard.py
Rfam/rfam-production,scripts/mirnas/mirna_config.py,scripts/mirnas/dashboard/format_dashboard.py
Rfam/rfam-production,scripts/mirnas/auto_rfsearch.py,scripts/support/mirnas/copy_seed.py
Rfam/rfam-production,scripts/mirnas/dashboard/compare_rfam_mirbase.py,scripts/support/mirnas/copy_seed.py
agronholm/apscheduler,src/apscheduler/schedulers/sync.py,src/apscheduler/datastores/async_sqlalchemy.py
agronholm/apscheduler,src/apscheduler/schedulers/async_.py,src/apscheduler/datastores/async_sqlalchemy.py
agronholm/apscheduler,src/apscheduler/workers/sync.py,src/apscheduler/datastores/async_sqlalchemy.py
agronholm/apscheduler,src/apscheduler/workers/async_.py,src/apscheduler/datastores/async_sqlalchemy.py
reviewboard/ReviewBot,extension/reviewbotext/__init__.py,bot/setup.py
reviewboard/ReviewBot,extension/reviewbotext/__init__.py,extension/reviewbotext/extension.py
reviewboard/ReviewBot,bot/reviewbot/__init__.py,bot/setup.py
reviewboard/ReviewBot,bot/reviewbot/__init__.py,extension/reviewbotext/extension.py
sissaschool/xmlschema,xmlschema/validators/wildcards.py,xmlschema/validators/elements.py
sissaschool/xmlschema,xmlschema/__init__.py,xmlschema/resources.py
sissaschool/xmlschema,doc/conf.py,xmlschema/resources.py
stb-tester/stb-tester,_stbt/android.py,_stbt/keyboard.py
osm-fr/osmose-frontend,api/issues_tiles.py,modules/query.py
osm-fr/osmose-frontend,api/issues_tiles.py,api/issue.py
osm-fr/osmose-frontend,modules/query_meta.py,api/issue.py
osm-fr/osmose-frontend,modules/params.py,modules/query.py
osm-fr/osmose-frontend,api/issue_utils.py,modules/query.py
osm-fr/osmose-frontend,api/issue_utils.py,api/issue.py
osm-fr/osmose-frontend,modules/params.py,api/issue.py
osm-fr/osmose-frontend,api/user.py,modules/query.py
osm-fr/osmose-frontend,modules/utils.py,api/issue.py
osm-fr/osmose-frontend,api/user.py,api/issue.py
osm-fr/osmose-frontend,api/false_positive_utils.py,api/issue.py
osm-fr/osmose-frontend,modules/query_meta.py,modules/query.py
osm-fr/osmose-frontend,api/false_positive_utils.py,modules/query.py
osm-fr/osmose-frontend,modules/utils.py,modules/query.py
sissaschool/elementpath,elementpath/tree_builders.py,elementpath/xpath30/_xpath30_functions.py
sissaschool/elementpath,elementpath/etree.py,elementpath/xpath30/_xpath30_functions.py
sissaschool/elementpath,elementpath/xpath1/_xpath1_functions.py,elementpath/xpath30/_xpath30_functions.py
laughingman7743/PyAthena,pyathena/__init__.py,pyathena/connection.py
laughingman7743/PyAthena,pyathena/__init__.py,pyathena/sqlalchemy_athena.py
learningequality/kolibri,kolibri/core/tasks/storage.py,kolibri/core/auth/csv_utils.py
learningequality/kolibri,kolibri/core/tasks/job.py,kolibri/core/auth/csv_utils.py
learningequality/kolibri,kolibri/core/tasks/storage.py,kolibri/core/logger/csv_export.py
learningequality/kolibri,kolibri/core/tasks/job.py,kolibri/core/logger/csv_export.py
crosscompute/crosscompute,crosscompute/scripts/run.py,crosscompute/scripts/serve.py
crosscompute/crosscompute,crosscompute/scripts/print.py,crosscompute/routines/server.py
crosscompute/crosscompute,crosscompute/routines/variable.py,crosscompute/routines/server.py
crosscompute/crosscompute,crosscompute/scripts/print.py,crosscompute/routines/authorization.py
crosscompute/crosscompute,crosscompute/routines/variable.py,crosscompute/routines/authorization.py
MassimoCimmino/pygfunction,pygfunction/boreholes.py,pygfunction/pipes.py
eternnoir/pyTelegramBotAPI,telebot/extensions/__init__.py,telebot/extensions/webhooks.py
platformio/platformio-core,platformio/__init__.py,platformio/builder/main.py
platformio/platformio-core,platformio/__init__.py,platformio/builder/tools/platformio.py
MarxMustermann/OfMiceAndMechs,src/story.py,src/gamestate.py
MarxMustermann/OfMiceAndMechs,src/interaction.py,src/gamestate.py
